[
  {
    "idx": 1,
    "image": "https://picsum.photos/270/240/?category=meat",
    "name": "미진 모둠 중(600g)",
    "price": "47,000"
  },
  {
    "idx": 2,
    "image": "https://picsum.photos/270/240/?category=meat",
    "name": "미진 모둠 중(600g)",
    "price": "47,000"
  },
  {
    "idx": 3,
    "image": "https://picsum.photos/270/240/?category=meat",
    "name": "미진 모둠 중(600g)",
    "price": "47,000"
  },
  {
    "idx": 4,
    "image": "https://picsum.photos/270/240/?category=meat",
    "name": "미진 모둠 중(600g)",
    "price": "47,000"
  },
  {
    "idx": 5,
    "image": "https://picsum.photos/270/240/?category=meat",
    "name": "미진 모둠 중(600g)",
    "price": "47,000"
  },
  {
    "idx": 6,
    "image": "https://picsum.photos/270/240/?category=meat",
    "name": "미진 모둠 중(600g)",
    "price": "47,000"
  },
  {
    "idx": 7,
    "image": "https://picsum.photos/270/240/?category=meat",
    "name": "미진 모둠 중(600g)",
    "price": "47,000"
  },
  {
    "idx": 8,
    "image": "https://picsum.photos/270/240/?category=meat",
    "name": "미진 모둠 중(600g)",
    "price": "47,000"
  }
]
